{
  "dataset": "Ranjit0034/finee-dataset test split",
  "category_records": 7108,
  "category_accuracy": 0.9216,
  "category_report": {
    "bills": {
      "precision": 0.5827505827505828,
      "recall": 0.946969696969697,
      "f1-score": 0.7215007215007215,
      "support": 264.0
    },
    "cashback": {
      "precision": 1.0,
      "recall": 1.0,
      "f1-score": 1.0,
      "support": 190.0
    },
    "emi": {
      "precision": 1.0,
      "recall": 1.0,
      "f1-score": 1.0,
      "support": 161.0
    },
    "entertainment": {
      "precision": 0.8921775898520085,
      "recall": 0.9398663697104677,
      "f1-score": 0.9154013015184381,
      "support": 449.0
    },
    "food": {
      "precision": 0.9431818181818182,
      "recall": 0.8736842105263158,
      "f1-score": 0.907103825136612,
      "support": 95.0
    },
    "grocery": {
      "precision": 0.8715083798882681,
      "recall": 0.9541284403669725,
      "f1-score": 0.910948905109489,
      "support": 327.0
    },
    "healthcare": {
      "precision": 0.6713286713286714,
      "recall": 0.96,
      "f1-score": 0.7901234567901234,
      "support": 200.0
    },
    "investment": {
      "precision": 0.9757834757834758,
      "recall": 0.9383561643835616,
      "f1-score": 0.9567039106145251,
      "support": 730.0
    },
    "refund": {
      "precision": 1.0,
      "recall": 1.0,
      "f1-score": 1.0,
      "support": 408.0
    },
    "shopping": {
      "precision": 1.0,
      "recall": 0.8756276554654306,
      "f1-score": 0.9336902800658978,
      "support": 2589.0
    },
    "transfer": {
      "precision": 0.8804265041888805,
      "recall": 0.9330104923325262,
      "f1-score": 0.9059561128526645,
      "support": 1239.0
    },
    "transport": {
      "precision": 0.9534883720930233,
      "recall": 0.9213483146067416,
      "f1-score": 0.9371428571428572,
      "support": 178.0
    },
    "travel": {
      "precision": 1.0,
      "recall": 0.9388489208633094,
      "f1-score": 0.9684601113172542,
      "support": 278.0
    },
    "accuracy": 0.9216375914462578,
    "macro avg": {
      "precision": 0.9054342610820559,
      "recall": 0.944756943478848,
      "f1-score": 0.9190024216960448,
      "support": 7108.0
    },
    "weighted avg": {
      "precision": 0.9372786219964399,
      "recall": 0.9216375914462578,
      "f1-score": 0.9252690172701272,
      "support": 7108.0
    }
  },
  "amount_exact_match": 0.8753,
  "direction_accuracy": 0.9132,
  "warning": "FinEE is mostly synthetic. These metrics are not production accuracy claims."
}